{
  "sub-032301": {
    "age": 67,
    "group": "old",
    "bands": {
      "delta": {
        "chi_Ze_mean": 0.2312849661016949,
        "chi_Ze_std": 0.0013183181628544454,
        "v_mean": 0.03836730508474576
      },
      "theta": {
        "chi_Ze_mean": 0.3318068474576271,
        "chi_Ze_std": 0.002154494142630498,
        "v_mean": 0.09302008474576272
      },
      "alpha": {
        "chi_Ze_mean": 0.45273106779661015,
        "chi_Ze_std": 0.00397396596022547,
        "v_mean": 0.1587653220338983
      },
      "beta": {
        "chi_Ze_mean": 0.7498905254237288,
        "chi_Ze_std": 0.014701656407721862,
        "v_mean": 0.32032794915254237
      },
      "gamma": {
        "chi_Ze_mean": 0.820295966101695,
        "chi_Ze_std": 0.017906802579160257,
        "v_mean": 0.5540132881355931
      }
    }
  },
  "sub-032303": {
    "age": 67,
    "group": "old",
    "bands": {
      "delta": {
        "chi_Ze_mean": 0.22965826229508196,
        "chi_Ze_std": 0.001849871301696591,
        "v_mean": 0.037482950819672116
      },
      "theta": {
        "chi_Ze_mean": 0.34522598360655743,
        "chi_Ze_std": 0.002630228192380567,
        "v_mean": 0.10031590163934428
      },
      "alpha": {
        "chi_Ze_mean": 0.4382648524590164,
        "chi_Ze_std": 0.0027048781181357073,
        "v_mean": 0.1509002459016393
      },
      "beta": {
        "chi_Ze_mean": 0.7250767868852459,
        "chi_Ze_std": 0.019171550739089088,
        "v_mean": 0.30683698360655737
      },
      "gamma": {
        "chi_Ze_mean": 0.8118594262295081,
        "chi_Ze_std": 0.010873911137437433,
        "v_mean": 0.5586000819672131
      }
    }
  },
  "sub-032305": {
    "age": 67,
    "group": "old",
    "bands": {
      "delta": {
        "chi_Ze_mean": 0.23113861666666666,
        "chi_Ze_std": 0.0014488887476461231,
        "v_mean": 0.0382878
      },
      "theta": {
        "chi_Ze_mean": 0.34938074999999996,
        "chi_Ze_std": 0.005434745466670911,
        "v_mean": 0.10257483333333335
      },
      "alpha": {
        "chi_Ze_mean": 0.43385095,
        "chi_Ze_std": 0.005529392849204452,
        "v_mean": 0.14850043333333335
      },
      "beta": {
        "chi_Ze_mean": 0.7514366666666668,
        "chi_Ze_std": 0.010736437498330424,
        "v_mean": 0.32116864999999994
      },
      "gamma": {
        "chi_Ze_mean": 0.8282732333333335,
        "chi_Ze_std": 0.009542832181567255,
        "v_mean": 0.54967605
      }
    }
  },
  "sub-032302": {
    "age": 22,
    "group": "young",
    "bands": {
      "delta": {
        "chi_Ze_mean": 0.2313980666666667,
        "chi_Ze_std": 0.00170563506126669,
        "v_mean": 0.038428783333333334
      },
      "theta": {
        "chi_Ze_mean": 0.34698595,
        "chi_Ze_std": 0.0037889538812403956,
        "v_mean": 0.10127275
      },
      "alpha": {
        "chi_Ze_mean": 0.43785054999999995,
        "chi_Ze_std": 0.004991503265299946,
        "v_mean": 0.1506749
      },
      "beta": {
        "chi_Ze_mean": 0.6915232500000001,
        "chi_Ze_std": 0.010256718956575086,
        "v_mean": 0.2885943
      },
      "gamma": {
        "chi_Ze_mean": 0.8290924833333333,
        "chi_Ze_std": 0.009427705663789863,
        "v_mean": 0.5492307166666668
      }
    }
  },
  "sub-032307": {
    "age": 27,
    "group": "young",
    "bands": {
      "delta": {
        "chi_Ze_mean": 0.230427406779661,
        "chi_Ze_std": 0.0018696548228387532,
        "v_mean": 0.03790108474576271
      },
      "theta": {
        "chi_Ze_mean": 0.3372886949152542,
        "chi_Ze_std": 0.004135686192133618,
        "v_mean": 0.09600052542372882
      },
      "alpha": {
        "chi_Ze_mean": 0.4338742711864407,
        "chi_Ze_std": 0.0029589303485911657,
        "v_mean": 0.14851313559322032
      },
      "beta": {
        "chi_Ze_mean": 0.7308398135593219,
        "chi_Ze_std": 0.016083872409252208,
        "v_mean": 0.30997032203389824
      },
      "gamma": {
        "chi_Ze_mean": 0.8433346610169491,
        "chi_Ze_std": 0.008180669266496621,
        "v_mean": 0.5414873220338984
      }
    }
  },
  "sub-032310": {
    "age": 27,
    "group": "young",
    "bands": {
      "delta": {
        "chi_Ze_mean": 0.23177613559322033,
        "chi_Ze_std": 0.0017249779311546004,
        "v_mean": 0.03863442372881355
      },
      "theta": {
        "chi_Ze_mean": 0.32678972881355933,
        "chi_Ze_std": 0.00149475444194428,
        "v_mean": 0.09029230508474577
      },
      "alpha": {
        "chi_Ze_mean": 0.45110427118644064,
        "chi_Ze_std": 0.005246065711738811,
        "v_mean": 0.1578809322033898
      },
      "beta": {
        "chi_Ze_mean": 0.7191170677966102,
        "chi_Ze_std": 0.019559387690898232,
        "v_mean": 0.3035967796610169
      },
      "gamma": {
        "chi_Ze_mean": 0.8292107966101695,
        "chi_Ze_std": 0.007842034379730162,
        "v_mean": 0.5491663559322033
      }
    }
  }
}