{
  "subject_id": "sub-032414",
  "age_bin": "20-25",
  "age": 22,
  "group": "young",
  "sfreq": 128.0,
  "n_channels": 61,
  "duration_s": 240.0,
  "bands": {
    "delta": {
      "chi_Ze_mean": 0.23567791803278684,
      "chi_Ze_std": 0.001965841890270849,
      "v_mean": 0.04075572131147541
    },
    "theta": {
      "chi_Ze_mean": 0.32605301639344264,
      "chi_Ze_std": 0.001312558151614856,
      "v_mean": 0.08989180327868854
    },
    "alpha": {
      "chi_Ze_mean": 0.438528918032787,
      "chi_Ze_std": 0.002548091753341176,
      "v_mean": 0.15104378688524595
    },
    "beta": {
      "chi_Ze_mean": 0.7382635081967212,
      "chi_Ze_std": 0.008155502379964397,
      "v_mean": 0.3140065409836066
    },
    "gamma": {
      "chi_Ze_mean": 0.8050713114754097,
      "chi_Ze_std": 0.005800072383779481,
      "v_mean": 0.5622908688524589
    }
  }
}