{
  "subject_id": "sub-032323",
  "age_bin": "20-25",
  "age": 22,
  "group": "young",
  "sfreq": 128.0,
  "n_channels": 59,
  "duration_s": 240.0,
  "bands": {
    "delta": {
      "chi_Ze_mean": 0.2317670677966102,
      "chi_Ze_std": 0.0025598466708876277,
      "v_mean": 0.03862933898305085
    },
    "theta": {
      "chi_Ze_mean": 0.332998220338983,
      "chi_Ze_std": 0.0028516025471730716,
      "v_mean": 0.09366777966101696
    },
    "alpha": {
      "chi_Ze_mean": 0.4535022711864407,
      "chi_Ze_std": 0.0036208326686818218,
      "v_mean": 0.15918466101694917
    },
    "beta": {
      "chi_Ze_mean": 0.7341105084745762,
      "chi_Ze_std": 0.020219502577640637,
      "v_mean": 0.31174854237288135
    },
    "gamma": {
      "chi_Ze_mean": 0.8417821694915255,
      "chi_Ze_std": 0.01138278943078145,
      "v_mean": 0.5423315254237289
    }
  }
}