{
  "subject_id": "sub-032390",
  "age_bin": "20-25",
  "age": 22,
  "group": "young",
  "sfreq": 128.0,
  "n_channels": 61,
  "duration_s": 240.0,
  "bands": {
    "delta": {
      "chi_Ze_mean": 0.22916857377049177,
      "chi_Ze_std": 0.0014587468061860191,
      "v_mean": 0.03721668852459017
    },
    "theta": {
      "chi_Ze_mean": 0.33599195081967215,
      "chi_Ze_std": 0.0024214609086267566,
      "v_mean": 0.09529540983606559
    },
    "alpha": {
      "chi_Ze_mean": 0.4618792459016393,
      "chi_Ze_std": 0.006175164463611243,
      "v_mean": 0.16373914754098362
    },
    "beta": {
      "chi_Ze_mean": 0.7632460163934426,
      "chi_Ze_std": 0.022359496358951392,
      "v_mean": 0.32758919672131154
    },
    "gamma": {
      "chi_Ze_mean": 0.8391446229508197,
      "chi_Ze_std": 0.005569537073984664,
      "v_mean": 0.5437654754098361
    }
  }
}