{
  "subject_id": "sub-032400",
  "age_bin": "20-25",
  "age": 22,
  "group": "young",
  "sfreq": 128.0,
  "n_channels": 61,
  "duration_s": 240.0,
  "bands": {
    "delta": {
      "chi_Ze_mean": 0.23184803278688526,
      "chi_Ze_std": 0.0015550025983554591,
      "v_mean": 0.03867344262295081
    },
    "theta": {
      "chi_Ze_mean": 0.32433439344262294,
      "chi_Ze_std": 0.0016080126139164381,
      "v_mean": 0.08895734426229507
    },
    "alpha": {
      "chi_Ze_mean": 0.46043444262295086,
      "chi_Ze_std": 0.006092889748929443,
      "v_mean": 0.16295362295081967
    },
    "beta": {
      "chi_Ze_mean": 0.734554344262295,
      "chi_Ze_std": 0.025316706724479127,
      "v_mean": 0.31198981967213124
    },
    "gamma": {
      "chi_Ze_mean": 0.8378265081967213,
      "chi_Ze_std": 0.009025991335814316,
      "v_mean": 0.5444821639344262
    }
  }
}