{
  "subject_id": "sub-032495",
  "age_bin": "70-75",
  "age": 72,
  "group": "old",
  "sfreq": 128.0,
  "n_channels": 61,
  "duration_s": 240.0,
  "bands": {
    "delta": {
      "chi_Ze_mean": 0.23015004918032786,
      "chi_Ze_std": 0.002714897265370408,
      "v_mean": 0.0377502131147541
    },
    "theta": {
      "chi_Ze_mean": 0.3467375573770492,
      "chi_Ze_std": 0.003570193439791119,
      "v_mean": 0.10113777049180328
    },
    "alpha": {
      "chi_Ze_mean": 0.4366650491803279,
      "chi_Ze_std": 0.0030293240030762774,
      "v_mean": 0.15003044262295082
    },
    "beta": {
      "chi_Ze_mean": 0.719535131147541,
      "chi_Ze_std": 0.01354522672017095,
      "v_mean": 0.30382406557377045
    },
    "gamma": {
      "chi_Ze_mean": 0.819609475409836,
      "chi_Ze_std": 0.006956292397644486,
      "v_mean": 0.5543865081967214
    }
  }
}