{
  "subject_id": "sub-032353",
  "age_bin": "20-25",
  "age": 22,
  "group": "young",
  "sfreq": 128.0,
  "n_channels": 61,
  "duration_s": 240.0,
  "bands": {
    "delta": {
      "chi_Ze_mean": 0.23109422950819672,
      "chi_Ze_std": 0.001262703441079048,
      "v_mean": 0.03826359016393443
    },
    "theta": {
      "chi_Ze_mean": 0.3520946393442623,
      "chi_Ze_std": 0.008045631385697312,
      "v_mean": 0.1040502786885246
    },
    "alpha": {
      "chi_Ze_mean": 0.4258840327868852,
      "chi_Ze_std": 0.0035804940036816757,
      "v_mean": 0.1441688852459016
    },
    "beta": {
      "chi_Ze_mean": 0.7455796393442623,
      "chi_Ze_std": 0.021553032708922767,
      "v_mean": 0.31798418032786885
    },
    "gamma": {
      "chi_Ze_mean": 0.8257979508196722,
      "chi_Ze_std": 0.00753869128622845,
      "v_mean": 0.5510218852459017
    }
  }
}