{
  "subject_id": "sub-032525",
  "age_bin": "20-25",
  "age": 22,
  "group": "young",
  "sfreq": 128.0,
  "n_channels": 60,
  "duration_s": 240.0,
  "bands": {
    "delta": {
      "chi_Ze_mean": 0.22978751666666666,
      "chi_Ze_std": 0.0010420326049228126,
      "v_mean": 0.03755311666666667
    },
    "theta": {
      "chi_Ze_mean": 0.32863200000000004,
      "chi_Ze_std": 0.0020716703968858925,
      "v_mean": 0.09129393333333333
    },
    "alpha": {
      "chi_Ze_mean": 0.45735390000000004,
      "chi_Ze_std": 0.00430547557071225,
      "v_mean": 0.16127873333333334
    },
    "beta": {
      "chi_Ze_mean": 0.7482625166666665,
      "chi_Ze_std": 0.019425151094643312,
      "v_mean": 0.3194428666666667
    },
    "gamma": {
      "chi_Ze_mean": 0.8313287666666668,
      "chi_Ze_std": 0.004250340364279336,
      "v_mean": 0.5480149
    }
  }
}