{
  "subject_id": "sub-032329",
  "age_bin": "65-70",
  "age": 67,
  "group": "old",
  "sfreq": 128.0,
  "n_channels": 59,
  "duration_s": 240.0,
  "bands": {
    "delta": {
      "chi_Ze_mean": 0.22918537288135593,
      "chi_Ze_std": 0.0018554991461325117,
      "v_mean": 0.037225745762711863
    },
    "theta": {
      "chi_Ze_mean": 0.34561708474576275,
      "chi_Ze_std": 0.004616114138383152,
      "v_mean": 0.10052859322033897
    },
    "alpha": {
      "chi_Ze_mean": 0.44407894915254237,
      "chi_Ze_std": 0.0037395870950523834,
      "v_mean": 0.15406130508474575
    },
    "beta": {
      "chi_Ze_mean": 0.7063763220338982,
      "chi_Ze_std": 0.01108763186410521,
      "v_mean": 0.2966697457627119
    },
    "gamma": {
      "chi_Ze_mean": 0.8147267966101696,
      "chi_Ze_std": 0.006779768042078965,
      "v_mean": 0.5570412033898304
    }
  }
}