{
  "subject_id": "sub-032389",
  "age_bin": "25-30",
  "age": 27,
  "group": "young",
  "sfreq": 128.0,
  "n_channels": 61,
  "duration_s": 240.0,
  "bands": {
    "delta": {
      "chi_Ze_mean": 0.23306716393442622,
      "chi_Ze_std": 0.0014407321701968955,
      "v_mean": 0.03933619672131148
    },
    "theta": {
      "chi_Ze_mean": 0.33394249180327873,
      "chi_Ze_std": 0.0025111322155615674,
      "v_mean": 0.09418118032786885
    },
    "alpha": {
      "chi_Ze_mean": 0.44970937704918035,
      "chi_Ze_std": 0.0029287277278257796,
      "v_mean": 0.1571224590163935
    },
    "beta": {
      "chi_Ze_mean": 0.7337592622950819,
      "chi_Ze_std": 0.009441925114383588,
      "v_mean": 0.3115575573770492
    },
    "gamma": {
      "chi_Ze_mean": 0.829421655737705,
      "chi_Ze_std": 0.008844013473763278,
      "v_mean": 0.5490517213114754
    }
  }
}