{
  "subject_id": "sub-032442",
  "age_bin": "70-75",
  "age": 72,
  "group": "old",
  "sfreq": 128.0,
  "n_channels": 61,
  "duration_s": 240.0,
  "bands": {
    "delta": {
      "chi_Ze_mean": 0.22783660655737706,
      "chi_Ze_std": 0.0016978265689750688,
      "v_mean": 0.03649252459016394
    },
    "theta": {
      "chi_Ze_mean": 0.33157211475409837,
      "chi_Ze_std": 0.003177694060825955,
      "v_mean": 0.09289244262295082
    },
    "alpha": {
      "chi_Ze_mean": 0.4427680819672131,
      "chi_Ze_std": 0.0018149833155994336,
      "v_mean": 0.1533487049180328
    },
    "beta": {
      "chi_Ze_mean": 0.7270358524590165,
      "chi_Ze_std": 0.01574883977390503,
      "v_mean": 0.3079021639344262
    },
    "gamma": {
      "chi_Ze_mean": 0.8257724426229507,
      "chi_Ze_std": 0.01159823183460871,
      "v_mean": 0.5510358688524589
    }
  }
}