{
  "subject_id": "sub-032340",
  "age_bin": "65-70",
  "age": 67,
  "group": "old",
  "sfreq": 128.0,
  "n_channels": 61,
  "duration_s": 240.0,
  "bands": {
    "delta": {
      "chi_Ze_mean": 0.2318127049180328,
      "chi_Ze_std": 0.0013011044406140704,
      "v_mean": 0.03865431147540983
    },
    "theta": {
      "chi_Ze_mean": 0.3394487704918033,
      "chi_Ze_std": 0.0022719512476979255,
      "v_mean": 0.09717493442622951
    },
    "alpha": {
      "chi_Ze_mean": 0.4408630491803278,
      "chi_Ze_std": 0.0018046082852395077,
      "v_mean": 0.15231273770491802
    },
    "beta": {
      "chi_Ze_mean": 0.734301081967213,
      "chi_Ze_std": 0.014948596498948107,
      "v_mean": 0.3118521803278689
    },
    "gamma": {
      "chi_Ze_mean": 0.817328442622951,
      "chi_Ze_std": 0.003711696353485607,
      "v_mean": 0.555626737704918
    }
  }
}