{
  "subject_id": "sub-032421",
  "age_bin": "20-25",
  "age": 22,
  "group": "young",
  "sfreq": 128.0,
  "n_channels": 61,
  "duration_s": 240.0,
  "bands": {
    "delta": {
      "chi_Ze_mean": 0.23246845901639346,
      "chi_Ze_std": 0.0011528379320184898,
      "v_mean": 0.03901075409836065
    },
    "theta": {
      "chi_Ze_mean": 0.3338149508196721,
      "chi_Ze_std": 0.0015328436279494473,
      "v_mean": 0.09411181967213114
    },
    "alpha": {
      "chi_Ze_mean": 0.4421929016393443,
      "chi_Ze_std": 0.0018526217285279,
      "v_mean": 0.1530358524590164
    },
    "beta": {
      "chi_Ze_mean": 0.7441172295081968,
      "chi_Ze_std": 0.009300534984424626,
      "v_mean": 0.3171890983606558
    },
    "gamma": {
      "chi_Ze_mean": 0.8314249508196722,
      "chi_Ze_std": 0.005165747781795227,
      "v_mean": 0.547962606557377
    }
  }
}