{
  "subject_id": "sub-032491",
  "age_bin": "70-75",
  "age": 72,
  "group": "old",
  "sfreq": 128.0,
  "n_channels": 60,
  "duration_s": 240.0,
  "bands": {
    "delta": {
      "chi_Ze_mean": 0.2275792166666667,
      "chi_Ze_std": 0.0018382640641981284,
      "v_mean": 0.03635255000000001
    },
    "theta": {
      "chi_Ze_mean": 0.33862280000000006,
      "chi_Ze_std": 0.002049078897130772,
      "v_mean": 0.09672583333333334
    },
    "alpha": {
      "chi_Ze_mean": 0.4408660666666666,
      "chi_Ze_std": 0.0015384348742219216,
      "v_mean": 0.15231440000000002
    },
    "beta": {
      "chi_Ze_mean": 0.7122441833333332,
      "chi_Ze_std": 0.006690380384033152,
      "v_mean": 0.2998600833333333
    },
    "gamma": {
      "chi_Ze_mean": 0.8127633166666667,
      "chi_Ze_std": 0.004800194029035586,
      "v_mean": 0.5581087333333332
    }
  }
}