{
  "subject_id": "sub-032459",
  "age_bin": "70-75",
  "age": 72,
  "group": "old",
  "sfreq": 128.0,
  "n_channels": 61,
  "duration_s": 240.0,
  "bands": {
    "delta": {
      "chi_Ze_mean": 0.23168708196721313,
      "chi_Ze_std": 0.0009979806873370682,
      "v_mean": 0.038585950819672137
    },
    "theta": {
      "chi_Ze_mean": 0.33704601639344267,
      "chi_Ze_std": 0.00169240960716364,
      "v_mean": 0.09586852459016394
    },
    "alpha": {
      "chi_Ze_mean": 0.4456763114754098,
      "chi_Ze_std": 0.002571684811915243,
      "v_mean": 0.15492978688524592
    },
    "beta": {
      "chi_Ze_mean": 0.7678395081967213,
      "chi_Ze_std": 0.010645612566013785,
      "v_mean": 0.3300865737704918
    },
    "gamma": {
      "chi_Ze_mean": 0.836232426229508,
      "chi_Ze_std": 0.009312748993628496,
      "v_mean": 0.5453487868852459
    }
  }
}