{
  "subject_id": "sub-032508",
  "age_bin": "25-30",
  "age": 27,
  "group": "young",
  "sfreq": 128.0,
  "n_channels": 61,
  "duration_s": 240.0,
  "bands": {
    "delta": {
      "chi_Ze_mean": 0.22886134426229512,
      "chi_Ze_std": 0.0014333938276307843,
      "v_mean": 0.03704955737704919
    },
    "theta": {
      "chi_Ze_mean": 0.3407659836065574,
      "chi_Ze_std": 0.005429201095991462,
      "v_mean": 0.09789106557377047
    },
    "alpha": {
      "chi_Ze_mean": 0.44566944262295083,
      "chi_Ze_std": 0.004746678536824857,
      "v_mean": 0.15492596721311477
    },
    "beta": {
      "chi_Ze_mean": 0.7177693278688526,
      "chi_Ze_std": 0.014926902197173311,
      "v_mean": 0.30286403278688523
    },
    "gamma": {
      "chi_Ze_mean": 0.8276314590163935,
      "chi_Ze_std": 0.01164509376965501,
      "v_mean": 0.5500251311475409
    }
  }
}