{
  "subject_id": "sub-032344",
  "age_bin": "25-30",
  "age": 27,
  "group": "young",
  "sfreq": 128.0,
  "n_channels": 61,
  "duration_s": 240.0,
  "bands": {
    "delta": {
      "chi_Ze_mean": 0.23166844262295086,
      "chi_Ze_std": 0.0011389650252203055,
      "v_mean": 0.038575836065573764
    },
    "theta": {
      "chi_Ze_mean": 0.3268971147540983,
      "chi_Ze_std": 0.0009754055751387882,
      "v_mean": 0.09035067213114753
    },
    "alpha": {
      "chi_Ze_mean": 0.44627606557377053,
      "chi_Ze_std": 0.004141194271668514,
      "v_mean": 0.1552558032786885
    },
    "beta": {
      "chi_Ze_mean": 0.7450741311475411,
      "chi_Ze_std": 0.005889670436590894,
      "v_mean": 0.31770937704918034
    },
    "gamma": {
      "chi_Ze_mean": 0.8120596065573769,
      "chi_Ze_std": 0.004542483267844302,
      "v_mean": 0.5584912950819673
    }
  }
}