{
  "subject_id": "sub-032338",
  "age_bin": "65-70",
  "age": 67,
  "group": "old",
  "sfreq": 128.0,
  "n_channels": 61,
  "duration_s": 240.0,
  "bands": {
    "delta": {
      "chi_Ze_mean": 0.2316086229508197,
      "chi_Ze_std": 0.001430866803253745,
      "v_mean": 0.0385432786885246
    },
    "theta": {
      "chi_Ze_mean": 0.3336068032786886,
      "chi_Ze_std": 0.003113705545422655,
      "v_mean": 0.09399863934426228
    },
    "alpha": {
      "chi_Ze_mean": 0.43985490163934426,
      "chi_Ze_std": 0.0020254654976396046,
      "v_mean": 0.1517647049180328
    },
    "beta": {
      "chi_Ze_mean": 0.7508474754098362,
      "chi_Ze_std": 0.010192145205438333,
      "v_mean": 0.3208482622950819
    },
    "gamma": {
      "chi_Ze_mean": 0.8202955245901639,
      "chi_Ze_std": 0.005296104632858216,
      "v_mean": 0.5540135245901638
    }
  }
}