{
  "subject_id": "sub-032467",
  "age_bin": "20-25",
  "age": 22,
  "group": "young",
  "sfreq": 128.0,
  "n_channels": 60,
  "duration_s": 240.0,
  "bands": {
    "delta": {
      "chi_Ze_mean": 0.22895128333333328,
      "chi_Ze_std": 0.0018710170949839617,
      "v_mean": 0.03709846666666667
    },
    "theta": {
      "chi_Ze_mean": 0.33965956666666663,
      "chi_Ze_std": 0.003134183888280258,
      "v_mean": 0.09728951666666666
    },
    "alpha": {
      "chi_Ze_mean": 0.45189055,
      "chi_Ze_std": 0.0051692338066197,
      "v_mean": 0.15830840000000002
    },
    "beta": {
      "chi_Ze_mean": 0.7425985500000001,
      "chi_Ze_std": 0.013921833618965816,
      "v_mean": 0.3163633500000001
    },
    "gamma": {
      "chi_Ze_mean": 0.8298928166666666,
      "chi_Ze_std": 0.01012687951360415,
      "v_mean": 0.5487955999999999
    }
  }
}