{
  "subject_id": "sub-032337",
  "age_bin": "65-70",
  "age": 67,
  "group": "old",
  "sfreq": 128.0,
  "n_channels": 61,
  "duration_s": 240.0,
  "bands": {
    "delta": {
      "chi_Ze_mean": 0.2307183442622951,
      "chi_Ze_std": 0.0017696907193459558,
      "v_mean": 0.03805927868852459
    },
    "theta": {
      "chi_Ze_mean": 0.3460750327868852,
      "chi_Ze_std": 0.002822778447356336,
      "v_mean": 0.10077745901639344
    },
    "alpha": {
      "chi_Ze_mean": 0.45589881967213114,
      "chi_Ze_std": 0.0037067352234361442,
      "v_mean": 0.16048759016393446
    },
    "beta": {
      "chi_Ze_mean": 0.7246527704918032,
      "chi_Ze_std": 0.00940470099819015,
      "v_mean": 0.30660650819672136
    },
    "gamma": {
      "chi_Ze_mean": 0.8353098032786885,
      "chi_Ze_std": 0.011377676770000636,
      "v_mean": 0.5458504262295082
    }
  }
}