{
  "subject_id": "sub-032392",
  "age_bin": "65-70",
  "age": 67,
  "group": "old",
  "sfreq": 128.0,
  "n_channels": 59,
  "duration_s": 240.0,
  "bands": {
    "delta": {
      "chi_Ze_mean": 0.2284556779661017,
      "chi_Ze_std": 0.0013601300217093893,
      "v_mean": 0.036829050847457634
    },
    "theta": {
      "chi_Ze_mean": 0.3418674576271186,
      "chi_Ze_std": 0.0025698196159213227,
      "v_mean": 0.09848989830508476
    },
    "alpha": {
      "chi_Ze_mean": 0.4447171864406779,
      "chi_Ze_std": 0.004626137626370536,
      "v_mean": 0.15440830508474576
    },
    "beta": {
      "chi_Ze_mean": 0.7469171525423728,
      "chi_Ze_std": 0.015548589197338076,
      "v_mean": 0.3187114067796611
    },
    "gamma": {
      "chi_Ze_mean": 0.8400690508474576,
      "chi_Ze_std": 0.006269607079364532,
      "v_mean": 0.5432628305084746
    }
  }
}