{
  "subject_id": "sub-032430",
  "age_bin": "65-70",
  "age": 67,
  "group": "old",
  "sfreq": 128.0,
  "n_channels": 61,
  "duration_s": 240.0,
  "bands": {
    "delta": {
      "chi_Ze_mean": 0.22707404918032786,
      "chi_Ze_std": 0.0011265999686599368,
      "v_mean": 0.03607785245901639
    },
    "theta": {
      "chi_Ze_mean": 0.3312698524590163,
      "chi_Ze_std": 0.0016184290990721411,
      "v_mean": 0.09272813114754098
    },
    "alpha": {
      "chi_Ze_mean": 0.454721868852459,
      "chi_Ze_std": 0.004148766134866693,
      "v_mean": 0.15984790163934426
    },
    "beta": {
      "chi_Ze_mean": 0.7220007704918032,
      "chi_Ze_std": 0.017703996980763043,
      "v_mean": 0.30516450819672125
    },
    "gamma": {
      "chi_Ze_mean": 0.8117210819672132,
      "chi_Ze_std": 0.006602781885889129,
      "v_mean": 0.5586754098360657
    }
  }
}