{
  "subject_id": "sub-032385",
  "age_bin": "20-25",
  "age": 22,
  "group": "young",
  "sfreq": 128.0,
  "n_channels": 60,
  "duration_s": 240.0,
  "bands": {
    "delta": {
      "chi_Ze_mean": 0.22892225000000002,
      "chi_Ze_std": 0.001577139452986535,
      "v_mean": 0.0370828
    },
    "theta": {
      "chi_Ze_mean": 0.34319703333333335,
      "chi_Ze_std": 0.0025879984477498326,
      "v_mean": 0.09921278333333332
    },
    "alpha": {
      "chi_Ze_mean": 0.4321745666666666,
      "chi_Ze_std": 0.0042802585528083316,
      "v_mean": 0.1475889333333333
    },
    "beta": {
      "chi_Ze_mean": 0.7285993333333334,
      "chi_Ze_std": 0.01449705675377668,
      "v_mean": 0.30875221666666663
    },
    "gamma": {
      "chi_Ze_mean": 0.8271356666666667,
      "chi_Ze_std": 0.008746290209124222,
      "v_mean": 0.5502945833333334
    }
  }
}