{
  "subject_id": "sub-032458",
  "age_bin": "65-70",
  "age": 67,
  "group": "old",
  "sfreq": 128.0,
  "n_channels": 61,
  "duration_s": 240.0,
  "bands": {
    "delta": {
      "chi_Ze_mean": 0.22880340983606556,
      "chi_Ze_std": 0.001657399121644464,
      "v_mean": 0.03701809836065574
    },
    "theta": {
      "chi_Ze_mean": 0.34630667213114746,
      "chi_Ze_std": 0.004146713107681801,
      "v_mean": 0.10090347540983609
    },
    "alpha": {
      "chi_Ze_mean": 0.4393907213114755,
      "chi_Ze_std": 0.001836171597495034,
      "v_mean": 0.1515122459016394
    },
    "beta": {
      "chi_Ze_mean": 0.7177016721311474,
      "chi_Ze_std": 0.014835241821166988,
      "v_mean": 0.30282727868852455
    },
    "gamma": {
      "chi_Ze_mean": 0.8156490983606559,
      "chi_Ze_std": 0.007432276357831266,
      "v_mean": 0.5565397049180327
    }
  }
}