{
  "subject_id": "sub-032333",
  "age_bin": "70-75",
  "age": 72,
  "group": "old",
  "sfreq": 128.0,
  "n_channels": 60,
  "duration_s": 240.0,
  "bands": {
    "delta": {
      "chi_Ze_mean": 0.22683780000000003,
      "chi_Ze_std": 0.0024727913566116606,
      "v_mean": 0.0359495
    },
    "theta": {
      "chi_Ze_mean": 0.3348587333333333,
      "chi_Ze_std": 0.004052486372038224,
      "v_mean": 0.09467941666666665
    },
    "alpha": {
      "chi_Ze_mean": 0.4552814166666667,
      "chi_Ze_std": 0.004289388613356089,
      "v_mean": 0.16015189999999999
    },
    "beta": {
      "chi_Ze_mean": 0.7309692999999999,
      "chi_Ze_std": 0.005732017606683827,
      "v_mean": 0.3100407333333333
    },
    "gamma": {
      "chi_Ze_mean": 0.8417126666666666,
      "chi_Ze_std": 0.006580400463159937,
      "v_mean": 0.5423692833333332
    }
  }
}