{
  "EC1": {
    "n_times": 7735,
    "duration_s": 60.4296875,
    "chi_Ze_mean": 0.266800078125,
    "chi_Ze_std": 0.10649139457733262,
    "v_mean": 0.057676546875,
    "v_std": 0.05789830237308606,
    "condition": "EC"
  },
  "EO1": {
    "n_times": 7639,
    "duration_s": 59.6796875,
    "chi_Ze_mean": 0.3034229140625,
    "chi_Ze_std": 0.11474563468582825,
    "v_mean": 0.07758803125,
    "v_std": 0.0623860401180296,
    "condition": "EO"
  },
  "EC2": {
    "n_times": 7745,
    "duration_s": 60.5078125,
    "chi_Ze_mean": 0.27703932812500004,
    "chi_Ze_std": 0.10823174107341597,
    "v_mean": 0.06324353906249999,
    "v_std": 0.0588445414882912,
    "condition": "EC"
  },
  "EO2": {
    "n_times": 7698,
    "duration_s": 60.140625,
    "chi_Ze_mean": 0.34877336718749996,
    "chi_Ze_std": 0.13796440174296723,
    "v_mean": 0.10224460156250001,
    "v_std": 0.07500987904085742,
    "condition": "EO"
  },
  "EC3": {
    "n_times": 7708,
    "duration_s": 60.21875,
    "chi_Ze_mean": 0.26884976562499996,
    "chi_Ze_std": 0.07743670460088722,
    "v_mean": 0.0587909375,
    "v_std": 0.042101542942842,
    "condition": "EC"
  },
  "EO3": {
    "n_times": 7708,
    "duration_s": 60.21875,
    "chi_Ze_mean": 0.35171946874999993,
    "chi_Ze_std": 0.13905657653603046,
    "v_mean": 0.1038463359375,
    "v_std": 0.07560373855342296,
    "condition": "EO"
  }
}