{
  "label": "Elder_70",
  "age": 70,
  "sfreq": 160,
  "n_channels": 1,
  "duration_s": 30,
  "channels": {
    "Cz": {
      "N": 4800,
      "N_S": 600,
      "v": 0.125026,
      "v_star": 0.45631,
      "chi_Ze": 0.390675,
      "tau": 1875.24,
      "chi_max_living": 0.839,
      "v_deviation": 0.331284
    }
  },
  "summary": {
    "chi_Ze_mean": 0.390675,
    "chi_Ze_std": 0.0,
    "chi_Ze_min": 0.390675,
    "chi_Ze_max": 0.390675,
    "v_mean": 0.125026,
    "v_std": 0.0
  },
  "timestamp": "2026-03-21T04:59:55.749147"
}