{
  "subject_id": "sub-163",
  "age": 20,
  "sex": "F",
  "group": "young",
  "alpha_peak_hz": 9.25,
  "v_peak": 0.14453,
  "chi_Ze_peak": 0.42655,
  "bands": {
    "delta": 0.22376794774193476,
    "theta": 0.342356673959617,
    "alpha": 0.43893289877388775,
    "beta": 0.7468815255045385,
    "gamma": 0.7816655151986118
  }
}