{
  "subject_id": "sub-550",
  "age": 63,
  "sex": "M",
  "group": "old",
  "alpha_peak_hz": 9.25,
  "v_peak": 0.14453,
  "chi_Ze_peak": 0.42655,
  "bands": {
    "delta": 0.22200357980114283,
    "theta": 0.3325095175732035,
    "alpha": 0.44815326485259677,
    "beta": 0.7141275221413321,
    "gamma": 0.7842680982374683
  }
}