{
  "subject_id": "sub-433",
  "age": 67,
  "sex": "F",
  "group": "old",
  "alpha_peak_hz": 9.75,
  "v_peak": 0.15234,
  "chi_Ze_peak": 0.44092,
  "bands": {
    "delta": 0.21909227914804397,
    "theta": 0.3300023563423857,
    "alpha": 0.44983156606456964,
    "beta": 0.70397351915652,
    "gamma": 0.7788982827654929
  }
}