{
  "subject_id": "sub-112",
  "age": 70,
  "sex": "F",
  "group": "old",
  "alpha_peak_hz": 9.5,
  "v_peak": 0.14844,
  "chi_Ze_peak": 0.43374,
  "bands": {
    "delta": 0.2171801009555844,
    "theta": 0.32808082307070663,
    "alpha": 0.4484283041816492,
    "beta": 0.7523579888796159,
    "gamma": 0.7729035480016568
  }
}