{
  "subject_id": "sub-563",
  "age": 70,
  "sex": "M",
  "group": "old",
  "alpha_peak_hz": 8.5,
  "v_peak": 0.13281,
  "chi_Ze_peak": 0.405,
  "bands": {
    "delta": 0.22350600552378963,
    "theta": 0.35651652186620597,
    "alpha": 0.41708878879642663,
    "beta": 0.7173943158047708,
    "gamma": 0.7759252385895454
  }
}