{
  "subject_id": "sub-387",
  "age": 20,
  "sex": "F",
  "group": "young",
  "alpha_peak_hz": 12.0,
  "v_peak": 0.1875,
  "chi_Ze_peak": 0.50558,
  "bands": {
    "delta": 0.2206938687104171,
    "theta": 0.3292127876562625,
    "alpha": 0.4573324685827402,
    "beta": 0.7520548843129051,
    "gamma": 0.7805316795972123
  }
}