{
  "subject_id": "sub-509",
  "age": 69,
  "sex": "M",
  "group": "old",
  "alpha_peak_hz": 9.5,
  "v_peak": 0.14844,
  "chi_Ze_peak": 0.43374,
  "bands": {
    "delta": 0.21905485883116604,
    "theta": 0.33925640070628493,
    "alpha": 0.4482224924388209,
    "beta": 0.7344018498257663,
    "gamma": 0.7933705903180122
  }
}