{
  "subject_id": "sub-318",
  "age": 67,
  "sex": "F",
  "group": "old",
  "alpha_peak_hz": 10.75,
  "v_peak": 0.16797,
  "chi_Ze_peak": 0.46966,
  "bands": {
    "delta": 0.22037205398526732,
    "theta": 0.3364480059246001,
    "alpha": 0.4491710974716751,
    "beta": 0.773231041634096,
    "gamma": 0.8137852441907383
  }
}