{
  "subject_id": "sub-184",
  "age": 29,
  "sex": "F",
  "group": "young",
  "alpha_peak_hz": 11.0,
  "v_peak": 0.17188,
  "chi_Ze_peak": 0.47684,
  "bands": {
    "delta": 0.2219437072941382,
    "theta": 0.3316469792691684,
    "alpha": 0.4565185766906464,
    "beta": 0.7508200138559351,
    "gamma": 0.7920010067202818
  }
}