{
  "subject_id": "sub-057",
  "age": 67,
  "sex": "F",
  "group": "old",
  "alpha_peak_hz": 7.75,
  "v_peak": 0.12109,
  "chi_Ze_peak": 0.38344,
  "bands": {
    "delta": 0.23024166256180761,
    "theta": 0.32697505270696536,
    "alpha": 0.4472102728672742,
    "beta": 0.7243002352845831,
    "gamma": 0.7788178290842054
  }
}