{
  "subject_id": "sub-104",
  "age": 63,
  "sex": "M",
  "group": "old",
  "alpha_peak_hz": 9.0,
  "v_peak": 0.14062,
  "chi_Ze_peak": 0.41937,
  "bands": {
    "delta": 0.22239836414420444,
    "theta": 0.32711163686356964,
    "alpha": 0.4446956275730809,
    "beta": 0.7603921309132962,
    "gamma": 0.7737324080205019
  }
}