{
  "subject_id": "sub-470",
  "age": 70,
  "sex": "M",
  "group": "old",
  "alpha_peak_hz": 8.0,
  "v_peak": 0.125,
  "chi_Ze_peak": 0.39063,
  "bands": {
    "delta": 0.22074625715404614,
    "theta": 0.35511887303081724,
    "alpha": 0.42628857370085277,
    "beta": 0.7482380119913614,
    "gamma": 0.7641490648680774
  }
}