{
  "subject_id": "sub-359",
  "age": 70,
  "sex": "F",
  "group": "old",
  "alpha_peak_hz": 10.5,
  "v_peak": 0.16406,
  "chi_Ze_peak": 0.46247,
  "bands": {
    "delta": 0.22273514699610536,
    "theta": 0.3340886549454499,
    "alpha": 0.46455084770848276,
    "beta": 0.747083595215679,
    "gamma": 0.7754069672007868
  }
}