{
  "subject_id": "sub-481",
  "age": 70,
  "sex": "F",
  "group": "old",
  "alpha_peak_hz": 8.375,
  "v_peak": 0.13086,
  "chi_Ze_peak": 0.4014,
  "bands": {
    "delta": 0.22421699154446928,
    "theta": 0.3415053617506453,
    "alpha": 0.43830049541865157,
    "beta": 0.7039342278237983,
    "gamma": 0.7746997232117949
  }
}