{
  "subject_id": "sub-020",
  "age": 68,
  "sex": "M",
  "group": "old",
  "alpha_peak_hz": 8.5,
  "v_peak": 0.13281,
  "chi_Ze_peak": 0.405,
  "bands": {
    "delta": 0.22227674811435133,
    "theta": 0.334616281413428,
    "alpha": 0.4414887064166467,
    "beta": 0.7578849696824784,
    "gamma": 0.7699117936672706
  }
}