{
  "subject_id": "sub-126",
  "age": 70,
  "sex": "F",
  "group": "old",
  "alpha_peak_hz": 9.25,
  "v_peak": 0.14453,
  "chi_Ze_peak": 0.42655,
  "bands": {
    "delta": 0.23375168828495252,
    "theta": 0.3342364651971175,
    "alpha": 0.4393220700694176,
    "beta": 0.7568764921426195,
    "gamma": 0.7957280702813183
  }
}