{
  "subject_id": "sub-274",
  "age": 26,
  "sex": "F",
  "group": "young",
  "alpha_peak_hz": 7.875,
  "v_peak": 0.12305,
  "chi_Ze_peak": 0.38703,
  "bands": {
    "delta": 0.21919518501945812,
    "theta": 0.33583057069611516,
    "alpha": 0.4449388596327871,
    "beta": 0.7364375150639227,
    "gamma": 0.7850988292721572
  }
}