{
  "subject_id": "sub-381",
  "age": 27,
  "sex": "M",
  "group": "young",
  "alpha_peak_hz": 9.75,
  "v_peak": 0.15234,
  "chi_Ze_peak": 0.44092,
  "bands": {
    "delta": 0.21662253823410402,
    "theta": 0.32350806034823,
    "alpha": 0.4475058933706095,
    "beta": 0.7230728488909888,
    "gamma": 0.7778074805285028
  }
}