{
  "subject_id": "sub-438",
  "age": 70,
  "sex": "M",
  "group": "old",
  "alpha_peak_hz": 8.25,
  "v_peak": 0.12891,
  "chi_Ze_peak": 0.39781,
  "bands": {
    "delta": 0.22003152910167867,
    "theta": 0.3370373759154267,
    "alpha": 0.43365102104657527,
    "beta": 0.7575294766721385,
    "gamma": 0.7774164382171289
  }
}