{
  "subject_id": "sub-370",
  "age": 66,
  "sex": "F",
  "group": "old",
  "alpha_peak_hz": 11.5,
  "v_peak": 0.17969,
  "chi_Ze_peak": 0.49121,
  "bands": {
    "delta": 0.22405982621358222,
    "theta": 0.33252448569995463,
    "alpha": 0.4650840872239925,
    "beta": 0.7878380623273755,
    "gamma": 0.823963570381521
  }
}