{
  "subject_id": "sub-296",
  "age": 30,
  "sex": "F",
  "group": "young",
  "alpha_peak_hz": 10.25,
  "v_peak": 0.16016,
  "chi_Ze_peak": 0.45529,
  "bands": {
    "delta": 0.2264509844620786,
    "theta": 0.33409426799298164,
    "alpha": 0.4544810404366459,
    "beta": 0.7420804988491068,
    "gamma": 0.7965176389674415
  }
}