{
  "subject_id": "sub-454",
  "age": 69,
  "sex": "M",
  "group": "old",
  "alpha_peak_hz": 9.75,
  "v_peak": 0.15234,
  "chi_Ze_peak": 0.44092,
  "bands": {
    "delta": 0.21663002229747957,
    "theta": 0.33399323313741136,
    "alpha": 0.4478389341908226,
    "beta": 0.7539389972677062,
    "gamma": 0.7953145757798178
  }
}