{
  "subject_id": "sub-382",
  "age": 64,
  "sex": "M",
  "group": "old",
  "alpha_peak_hz": 8.0,
  "v_peak": 0.125,
  "chi_Ze_peak": 0.39063,
  "bands": {
    "delta": 0.225474314191566,
    "theta": 0.330067841896922,
    "alpha": 0.43899838432842403,
    "beta": 0.7575968332425187,
    "gamma": 0.785648907930262
  }
}