{
  "subject_id": "sub-517",
  "age": 66,
  "sex": "M",
  "group": "old",
  "alpha_peak_hz": 10.75,
  "v_peak": 0.16797,
  "chi_Ze_peak": 0.46966,
  "bands": {
    "delta": 0.2248812021690516,
    "theta": 0.33667439884171124,
    "alpha": 0.45403386764995524,
    "beta": 0.7496861782545354,
    "gamma": 0.7683551084851509
  }
}