{
  "subject_id": "sub-244",
  "age": 65,
  "sex": "F",
  "group": "old",
  "alpha_peak_hz": 9.25,
  "v_peak": 0.14453,
  "chi_Ze_peak": 0.42655,
  "bands": {
    "delta": 0.22243391344523844,
    "theta": 0.33316624413441026,
    "alpha": 0.43985530958492736,
    "beta": 0.8077943173183478,
    "gamma": 0.7973446279704426
  }
}