{
  "subject_id": "sub-099",
  "age": 20,
  "sex": "F",
  "group": "young",
  "alpha_peak_hz": 10.375,
  "v_peak": 0.16211,
  "chi_Ze_peak": 0.45888,
  "bands": {
    "delta": 0.22314864149760588,
    "theta": 0.3314467805738718,
    "alpha": 0.4491299351231094,
    "beta": 0.7497797290467301,
    "gamma": 0.7871157843518748
  }
}