{
  "subject_id": "sub-511",
  "age": 66,
  "sex": "M",
  "group": "old",
  "alpha_peak_hz": 9.5,
  "v_peak": 0.14844,
  "chi_Ze_peak": 0.43374,
  "bands": {
    "delta": 0.22487558912151995,
    "theta": 0.33438988849631684,
    "alpha": 0.4387177319518399,
    "beta": 0.7552169010890857,
    "gamma": 0.7796859804357722
  }
}