{
  "subject_id": "sub-397",
  "age": 25,
  "sex": "F",
  "group": "young",
  "alpha_peak_hz": 10.25,
  "v_peak": 0.16016,
  "chi_Ze_peak": 0.45529,
  "bands": {
    "delta": 0.22378291586868593,
    "theta": 0.3322550594184339,
    "alpha": 0.4498296950487257,
    "beta": 0.7697771463862679,
    "gamma": 0.8012569221000249
  }
}