{
  "subject_id": "sub-004",
  "age": 24,
  "sex": "F",
  "group": "young",
  "alpha_peak_hz": 10.5,
  "v_peak": 0.16406,
  "chi_Ze_peak": 0.46247,
  "bands": {
    "delta": 0.22181647821675343,
    "theta": 0.3291996905453552,
    "alpha": 0.4547280145280399,
    "beta": 0.7467449413479341,
    "gamma": 0.7711447931083966
  }
}