{
  "subject_id": "sub-529",
  "age": 20,
  "sex": "M",
  "group": "young",
  "alpha_peak_hz": 9.0,
  "v_peak": 0.14062,
  "chi_Ze_peak": 0.41937,
  "bands": {
    "delta": 0.22425628287719107,
    "theta": 0.34670117274913864,
    "alpha": 0.4289566422942455,
    "beta": 0.6906444022846201,
    "gamma": 0.8036293701900823
  }
}