{
  "subject_id": "sub-593",
  "age": 26,
  "sex": "F",
  "group": "young",
  "alpha_peak_hz": 9.75,
  "v_peak": 0.15234,
  "chi_Ze_peak": 0.44092,
  "bands": {
    "delta": 0.22116723571892227,
    "theta": 0.3304850784301103,
    "alpha": 0.44842643316580527,
    "beta": 0.7213440302512308,
    "gamma": 0.7790760292706628
  }
}