{
  "subject_id": "sub-526",
  "age": 28,
  "sex": "M",
  "group": "young",
  "alpha_peak_hz": 7.5,
  "v_peak": 0.11719,
  "chi_Ze_peak": 0.37626,
  "bands": {
    "delta": 0.21820541763803825,
    "theta": 0.3272800282895201,
    "alpha": 0.44751524844982893,
    "beta": 0.7504925860832536,
    "gamma": 0.7985832404591005
  }
}