{
  "subject_id": "sub-175",
  "age": 25,
  "sex": "F",
  "group": "young",
  "alpha_peak_hz": 11.0,
  "v_peak": 0.17188,
  "chi_Ze_peak": 0.47684,
  "bands": {
    "delta": 0.22717132556197775,
    "theta": 0.3280957911974578,
    "alpha": 0.4664611548850985,
    "beta": 0.7521147568199097,
    "gamma": 0.7943865519212465
  }
}