{
  "subject_id": "sub-578",
  "age": 24,
  "sex": "M",
  "group": "young",
  "alpha_peak_hz": 10.25,
  "v_peak": 0.16016,
  "chi_Ze_peak": 0.45529,
  "bands": {
    "delta": 0.22576432164736954,
    "theta": 0.32933440368611555,
    "alpha": 0.4468229725875882,
    "beta": 0.7331052358459478,
    "gamma": 0.7880250980520074
  }
}