{
  "subject_id": "sub-133",
  "age": 68,
  "sex": "F",
  "group": "old",
  "alpha_peak_hz": 10.25,
  "v_peak": 0.16016,
  "chi_Ze_peak": 0.45529,
  "bands": {
    "delta": 0.22368188101311565,
    "theta": 0.3361467723737332,
    "alpha": 0.4485948245917557,
    "beta": 0.7514486751794833,
    "gamma": 0.7781423923645597
  }
}