{
  "subject_id": "sub-219",
  "age": 20,
  "sex": "M",
  "group": "young",
  "alpha_peak_hz": 10.25,
  "v_peak": 0.16016,
  "chi_Ze_peak": 0.45529,
  "bands": {
    "delta": 0.22600381167538794,
    "theta": 0.3296038299676363,
    "alpha": 0.4504714534831813,
    "beta": 0.7415790666029431,
    "gamma": 0.7809320769878055
  }
}