{
  "subject_id": "sub-539",
  "age": 27,
  "sex": "F",
  "group": "young",
  "alpha_peak_hz": 10.5,
  "v_peak": 0.16406,
  "chi_Ze_peak": 0.46247,
  "bands": {
    "delta": 0.2215564070144522,
    "theta": 0.33013332745145824,
    "alpha": 0.4461232126619719,
    "beta": 0.7242459758251102,
    "gamma": 0.791662352852537
  }
}