{
  "subject_id": "sub-407",
  "age": 20,
  "sex": "F",
  "group": "young",
  "alpha_peak_hz": 10.875,
  "v_peak": 0.16992,
  "chi_Ze_peak": 0.47325,
  "bands": {
    "delta": 0.22270521074260302,
    "theta": 0.32860844953868473,
    "alpha": 0.4599762139701622,
    "beta": 0.7305475571873448,
    "gamma": 0.80317658435586
  }
}