{
  "subject_id": "sub-590",
  "age": 28,
  "sex": "M",
  "group": "young",
  "alpha_peak_hz": 9.75,
  "v_peak": 0.15234,
  "chi_Ze_peak": 0.44092,
  "bands": {
    "delta": 0.22331516190771242,
    "theta": 0.34323605140624713,
    "alpha": 0.43938194257642227,
    "beta": 0.7532429793737776,
    "gamma": 0.7626054767968649
  }
}