{
  "subject_id": "sub-142",
  "age": 23,
  "sex": "F",
  "group": "young",
  "alpha_peak_hz": 10.5,
  "v_peak": 0.16406,
  "chi_Ze_peak": 0.46247,
  "bands": {
    "delta": 0.22569883609283325,
    "theta": 0.3248009322963607,
    "alpha": 0.4520674299980228,
    "beta": 0.7480976858030695,
    "gamma": 0.775440645485977
  }
}