{
  "subject_id": "sub-067",
  "age": 20,
  "sex": "F",
  "group": "young",
  "alpha_peak_hz": 11.25,
  "v_peak": 0.17578,
  "chi_Ze_peak": 0.48403,
  "bands": {
    "delta": 0.22370620421908627,
    "theta": 0.3329304961380796,
    "alpha": 0.4566514188155628,
    "beta": 0.7322557946528199,
    "gamma": 0.7824644389639546
  }
}