{
  "subject_id": "sub-131",
  "age": 65,
  "sex": "F",
  "group": "old",
  "alpha_peak_hz": 10.0,
  "v_peak": 0.15625,
  "chi_Ze_peak": 0.4481,
  "bands": {
    "delta": 0.2264547264937664,
    "theta": 0.3390318788050176,
    "alpha": 0.4480241647593681,
    "beta": 0.735937953833603,
    "gamma": 0.8025890853808773
  }
}