{
  "subject_id": "sub-224",
  "age": 22,
  "sex": "M",
  "group": "young",
  "alpha_peak_hz": 10.25,
  "v_peak": 0.16016,
  "chi_Ze_peak": 0.45529,
  "bands": {
    "delta": 0.21831393655698408,
    "theta": 0.33002106650082463,
    "alpha": 0.4516988398767757,
    "beta": 0.7379586509450086,
    "gamma": 0.7766549347686641
  }
}