{
  "subject_id": "sub-234",
  "age": 68,
  "sex": "F",
  "group": "old",
  "alpha_peak_hz": 9.25,
  "v_peak": 0.14453,
  "chi_Ze_peak": 0.42655,
  "bands": {
    "delta": 0.22517682267238687,
    "theta": 0.3325394538267058,
    "alpha": 0.44496692487044553,
    "beta": 0.7149713502869283,
    "gamma": 0.7777270268472153
  }
}