{
  "subject_id": "sub-278",
  "age": 26,
  "sex": "M",
  "group": "young",
  "alpha_peak_hz": 10.5,
  "v_peak": 0.16406,
  "chi_Ze_peak": 0.46247,
  "bands": {
    "delta": 0.22247320477796018,
    "theta": 0.33827973043577225,
    "alpha": 0.45729130623417447,
    "beta": 0.7347405036935111,
    "gamma": 0.8039811211687343
  }
}