{
  "subject_id": "sub-179",
  "age": 21,
  "sex": "F",
  "group": "young",
  "alpha_peak_hz": 9.25,
  "v_peak": 0.14453,
  "chi_Ze_peak": 0.42655,
  "bands": {
    "delta": 0.22319167486201544,
    "theta": 0.3384499928775666,
    "alpha": 0.44765183260643326,
    "beta": 0.7116708783382995,
    "gamma": 0.7894713932993372
  }
}