{
  "subject_id": "sub-209",
  "age": 20,
  "sex": "F",
  "group": "young",
  "alpha_peak_hz": 9.5,
  "v_peak": 0.14844,
  "chi_Ze_peak": 0.43374,
  "bands": {
    "delta": 0.22985997532965327,
    "theta": 0.32966557349048475,
    "alpha": 0.45054629411693703,
    "beta": 0.7483278207518684,
    "gamma": 0.7977824456779139
  }
}