{
  "subject_id": "sub-488",
  "age": 25,
  "sex": "F",
  "group": "young",
  "alpha_peak_hz": 11.25,
  "v_peak": 0.17578,
  "chi_Ze_peak": 0.48403,
  "bands": {
    "delta": 0.2252217270526403,
    "theta": 0.3313681979084282,
    "alpha": 0.45855798396049063,
    "beta": 0.7489452559803533,
    "gamma": 0.7769524262878432
  }
}