{
  "subject_id": "sub-042",
  "age": 22,
  "sex": "F",
  "group": "young",
  "alpha_peak_hz": 9.75,
  "v_peak": 0.15234,
  "chi_Ze_peak": 0.44092,
  "bands": {
    "delta": 0.22161066647392513,
    "theta": 0.34410607377365776,
    "alpha": 0.4396869181589769,
    "beta": 0.7439739668831273,
    "gamma": 0.801462733842853
  }
}