{
  "subject_id": "sub-412",
  "age": 68,
  "sex": "M",
  "group": "old",
  "alpha_peak_hz": 8.5,
  "v_peak": 0.13281,
  "chi_Ze_peak": 0.405,
  "bands": {
    "delta": 0.2244302873506732,
    "theta": 0.3321820898005221,
    "alpha": 0.43571475152239025,
    "beta": 0.7987236325071503,
    "gamma": 0.7959731733568685
  }
}