{
  "subject_id": "sub-329",
  "age": 68,
  "sex": "M",
  "group": "old",
  "alpha_peak_hz": 8.5,
  "v_peak": 0.13281,
  "chi_Ze_peak": 0.405,
  "bands": {
    "delta": 0.2224039771917361,
    "theta": 0.35404678095226605,
    "alpha": 0.42491524807143477,
    "beta": 0.7407707877583809,
    "gamma": 0.7640555140758827
  }
}