{
  "subject_id": "sub-018",
  "age": 20,
  "sex": "F",
  "group": "young",
  "alpha_peak_hz": 10.25,
  "v_peak": 0.16016,
  "chi_Ze_peak": 0.45529,
  "bands": {
    "delta": 0.2235490388881992,
    "theta": 0.3277889445990593,
    "alpha": 0.4547916290667323,
    "beta": 0.735092254672163,
    "gamma": 0.7963118272246132
  }
}