{
  "subject_id": "sub-456",
  "age": 21,
  "sex": "F",
  "group": "young",
  "alpha_peak_hz": 9.0,
  "v_peak": 0.14062,
  "chi_Ze_peak": 0.41937,
  "bands": {
    "delta": 0.22840245398725992,
    "theta": 0.3366781408733991,
    "alpha": 0.43020648087796665,
    "beta": 0.693091691008433,
    "gamma": 0.7970302973086685
  }
}