{
  "subject_id": "sub-592",
  "age": 68,
  "sex": "M",
  "group": "old",
  "alpha_peak_hz": 9.625,
  "v_peak": 0.15039,
  "chi_Ze_peak": 0.43733,
  "bands": {
    "delta": 0.21872368902679687,
    "theta": 0.3356640502860086,
    "alpha": 0.44412683875653713,
    "beta": 0.7279880075128979,
    "gamma": 0.7640180937590049
  }
}