{
  "subject_id": "sub-047",
  "age": 67,
  "sex": "M",
  "group": "old",
  "alpha_peak_hz": 9.0,
  "v_peak": 0.14062,
  "chi_Ze_peak": 0.41937,
  "bands": {
    "delta": 0.226726023791131,
    "theta": 0.3265559451579332,
    "alpha": 0.44661341881307215,
    "beta": 0.7518284913957938,
    "gamma": 0.7718295849072618
  }
}