{
  "subject_id": "sub-522",
  "age": 24,
  "sex": "F",
  "group": "young",
  "alpha_peak_hz": 9.5,
  "v_peak": 0.14844,
  "chi_Ze_peak": 0.43374,
  "bands": {
    "delta": 0.22481758763035925,
    "theta": 0.33317747022947364,
    "alpha": 0.44865282608291646,
    "beta": 0.728603571725539,
    "gamma": 0.8072778510856753
  }
}