{
  "subject_id": "sub-349",
  "age": 65,
  "sex": "F",
  "group": "old",
  "alpha_peak_hz": 11.5,
  "v_peak": 0.17969,
  "chi_Ze_peak": 0.49121,
  "bands": {
    "delta": 0.23126510822841756,
    "theta": 0.32818747097380857,
    "alpha": 0.46063481154721286,
    "beta": 0.7754650345517053,
    "gamma": 0.8009238812798117
  }
}