{
  "subject_id": "sub-156",
  "age": 21,
  "sex": "M",
  "group": "young",
  "alpha_peak_hz": 10.0,
  "v_peak": 0.15625,
  "chi_Ze_peak": 0.4481,
  "bands": {
    "delta": 0.22238152500160938,
    "theta": 0.33586799101299303,
    "alpha": 0.4481944272011624,
    "beta": 0.7431020734998728,
    "gamma": 0.7683756896594336
  }
}