{
  "subject_id": "sub-287",
  "age": 68,
  "sex": "M",
  "group": "old",
  "alpha_peak_hz": 7.75,
  "v_peak": 0.12109,
  "chi_Ze_peak": 0.38344,
  "bands": {
    "delta": 0.22219068138553222,
    "theta": 0.3494403399445992,
    "alpha": 0.43434703894050375,
    "beta": 0.7462828004344924,
    "gamma": 0.7694272005637021
  }
}