{
  "subject_id": "sub-587",
  "age": 69,
  "sex": "M",
  "group": "old",
  "alpha_peak_hz": 9.5,
  "v_peak": 0.14844,
  "chi_Ze_peak": 0.43374,
  "bands": {
    "delta": 0.21994172034117176,
    "theta": 0.3271041528001941,
    "alpha": 0.44870334351070157,
    "beta": 0.7471247575642446,
    "gamma": 0.7770403640325063
  }
}